{
  "id": "12345678-1234-1234-1234-123456789abc",
  "name": "Backend Starter Kit - Local",
  "values": [
    {
      "key": "baseUrl",
      "value": "http://localhost:3005/api/v1",
      "type": "default",
      "enabled": true
    },
    {
      "key": "authToken",
      "value": "",
      "type": "default",
      "enabled": true
    },
    {
      "key": "refreshToken",
      "value": "",
      "type": "default",
      "enabled": true
    },
    {
      "key": "testId",
      "value": "",
      "type": "default",
      "enabled": true
    }
  ],
  "_postman_variable_scope": "environment",
  "_postman_exported_at": "2024-08-19T00:00:00.000Z",
  "_postman_exported_using": "Postman/10.19.0"
} 